<?xml version="1.0" encoding="UTF-8"?>
<beans xmlns="http://www.springframework.org/schema/beans"
	xmlns:xsi="http://www.w3.org/2001/XMLSchema-instance"
	xmlns:sec="http://www.springframework.org/schema/security"
	xmlns:context="http://www.springframework.org/schema/context"
	xsi:schemaLocation="http://www.springframework.org/schema/security http://www.springframework.org/schema/security/spring-security-3.1.xsd
		http://www.springframework.org/schema/beans https://www.springframework.org/schema/beans/spring-beans.xsd
		http://www.springframework.org/schema/context http://www.springframework.org/schema/context/spring-context-3.1.xsd">
	<context:component-scan base-package="com.kos" />
<!-- 	<bean id="loginSuccessHandler"  class="com.kos.handler.LoginSuccessHandler"/> -->
<!-- 	<bean id="loginFailureHandler"  class="com.kos.handler.LoginFailureHandler"/> -->
	<sec:http auto-config="true" use-expressions="true">
		<sec:intercept-url pattern="/admin/**" access="hasAuthority('ROLE_ADMIN')"/>
		<sec:intercept-url pattern="/farmer/**" access="hasAuthority('ROLE_FARMER')"/>
		<sec:intercept-url pattern="/smartfarmer/**" access="hasAuthority('ROLE_SMART_FARMER')"/>
		<sec:intercept-url pattern="/user/**" access="hasAuthority('ROLE_USER')"/>
		<sec:intercept-url pattern="/login.do" access="isAnonymous()"/>
		<sec:intercept-url pattern="/sign_up.do" access="isAnonymous()"/>
		<sec:intercept-url pattern="/**" access="permitAll"/>
		<sec:form-login username-parameter="id"
						password-parameter="password"
						login-processing-url="/loginProcess"
						login-page="/login.do"
						authentication-success-handler-ref="loginSuccessHandler"
						authentication-failure-handler-ref="loginFailureHandler"
						/> 
						  	
		<sec:logout invalidate-session="true" />
		
		<sec:session-management>
        	<sec:concurrency-control max-sessions="1" error-if-maximum-exceeded="true"/>
        </sec:session-management>
<!--         <sec:access-denied-handler ref=""/> -->
	</sec:http>

	<bean id="bcryptPasswordEncoder" class="org.springframework.security.crypto.bcrypt.BCryptPasswordEncoder"></bean>
	<sec:jdbc-user-service data-source-ref="dataSource" id="userService"
    	users-by-username-query="SELECT id as loginId, password as loginPwd ,1 as enabled FROM member WHERE ID=?"
    	authorities-by-username-query="SELECT id as loginID, role AUTHORITY FROM authority WHERE ID=?"/>


	<sec:authentication-manager>
        <sec:authentication-provider user-service-ref="userService"> 	
        <sec:password-encoder ref="bcryptPasswordEncoder"></sec:password-encoder>
        </sec:authentication-provider>
    </sec:authentication-manager>
</beans>
