<?xml version="1.0" encoding="UTF-8"?>

<beans xmlns="http://www.springframework.org/schema/beans"
	xmlns:xsi="http://www.w3.org/2001/XMLSchema-instance"
	xmlns:context="http://www.springframework.org/schema/context"
	xmlns:jdbc="http://www.springframework.org/schema/jdbc"
	xmlns:mybatis-spring="http://mybatis.org/schema/mybatis-spring"
	xsi:schemaLocation="http://www.springframework.org/schema/jdbc http://www.springframework.org/schema/jdbc/spring-jdbc-3.1.xsd
		http://mybatis.org/schema/mybatis-spring http://mybatis.org/schema/mybatis-spring-1.2.xsd
		http://www.springframework.org/schema/beans https://www.springframework.org/schema/beans/spring-beans.xsd
		http://www.springframework.org/schema/context http://www.springframework.org/schema/context/spring-context-3.1.xsd">

	<!-- Root Context: defines shared resources visible to all other web components -->
<context:property-placeholder location="classpath:mybatisconfig.properties"/>	
	<bean id="dataSource"

		class="org.springframework.jdbc.datasource.DriverManagerDataSource">

		<property name="driverClassName" value="${driverClassName}" />

		<property name="url" value="${url}" />

		<property name="username" value="${user}" />

		<property name="password" value="${pass}" />

	</bean>



	<!-- value는 값을 지정 ref는 이미 지정한 값을 가져오는 것 -->
	<bean id="SqlSessionFactory"
		class="org.mybatis.spring.SqlSessionFactoryBean">

		<property name="dataSource" ref="dataSource" />

		<property name="configLocation"
			value="classpath:/mybatis-config.xml" />

		<property name="mapperLocations"
			value="classpath:/mappers/*Mapper.xml" />

	</bean>


	<bean id="sqlSession"
		class="org.mybatis.spring.SqlSessionTemplate"

		destroy-method="clearCache">

		<constructor-arg name="sqlSessionFactory"
			ref="SqlSessionFactory" />

	</bean>
	


</beans>
