<?xml version="1.0" encoding="UTF-8"?>
<!DOCTYPE configuration
  PUBLIC "-//mybatis.org//DTD Config 3.0//EN"
  "http://mybatis.org/dtd/mybatis-3-config.dtd">
<configuration>
	<settings>
		<setting name="mapUnderscoreToCamelCase" value="true"/>
	</settings>

	<!-- Alias 설정 -->
	<typeAliases>
		<typeAlias type="com.kos.vo.MemberVO" alias="membervo"/>
		<typeAlias type="com.kos.vo.AuthorityVO" alias="authorityvo"/>
		<typeAlias alias="board" type="com.kos.vo.BoardVO" />
	</typeAliases>
</configuration>
